title,url,thumbnail_url,channel,views,uploaded_time,description
NBA Youngboy - Heart & Soul / Alligator Walk,https://www.youtube.com/watch?v=NvKjO-8DusE,https://i.ytimg.com/vi/NvKjO-8DusE/hqdefault.jpg?sqp=-oaymwEcCPYBEIoBSFXyq4qpAw4IARUAAIhCGAFwAcABBg==&rs=AOn4CLAMG1WseAnwxQodzhrKsZHbO-Yo3g,YoungBoy Never Broke Again,3.4M views,1 day ago,"YoungBoy Never Broke Again ‚Äì ‚ÄòSincerely, Kentrell‚Äô OUT NOW: https://youngboy.lnk.to/SincerelyKentrellID Subscribe for more official content from YoungBoy NBA: https://youngboy.lnk.to/Sub..."
Doja Cat - Woman (Official Video),https://www.youtube.com/watch?v=yxW5yuzVi8w,https://i.ytimg.com/vi/yxW5yuzVi8w/hqdefault.jpg?sqp=-oaymwEcCPYBEIoBSFXyq4qpAw4IARUAAIhCGAFwAcABBg==&rs=AOn4CLAg5IFStKc3QgtgXKISCm63pv_w1Q,Doja Cat,5.6M views,20 hours ago,Doja Cat // Woman (Official Video) Planet Her // The New Album Out Now: https://smarturl.it/xPlanetHer ü™ê Visit https://dojacode.com to unlock hidden features in an interactive experience...
Polo G - Young N Dumb (Official Video),https://www.youtube.com/watch?v=YvUqogKqRYE,https://i.ytimg.com/vi/YvUqogKqRYE/hqdefault.jpg?sqp=-oaymwEcCPYBEIoBSFXyq4qpAw4IARUAAIhCGAFwAcABBg==&rs=AOn4CLCvfXJv4PTwLTtuNGFZkYv73eB9pA,Polo G,817K views,18 hours ago,Official video for ‚ÄúYoung N Dumb‚Äù by Polo G Listen & Download ‚ÄòHall Of Fame 2.0‚Äô out now: https://polog.lnk.to/HOFDeluxe Amazon Music - https://polog.lnk.to/HOFDeluxe/amazonmusic...
Quando Rondo - JOG Blueprint (Official Music Video),https://www.youtube.com/watch?v=7zcqy6hjqUk,,Quando Rondo,283K views,16 hours ago,Quando Rondo - Stream/Download: Subscribe for more official content from Quando Rondo: https://1633.lnk.to/QuandoRondoSubscribe Follow Quando Rondo https://facebook.com/QuandoRondo...
Fredo Bang - Get Back (Official Video),https://www.youtube.com/watch?v=n1t09wPatjQ,,Fredo Bang,315K views,18 hours ago,Directed by @ShotbyJolo Text ‚ÄúFredo Bang‚Äù to 225-244-6998 for Exclusive Updates ü¶ç Shop: https://www.fredobangshop.com/ Follow Fredo Bang: Instagram: https://instagram.com/fredobang...
NoCap - 200 Or Better (Music Video),https://www.youtube.com/watch?v=eUYABls4xQ4,,NoCap,616K views,1 day ago,NoCap - Stream/Download 200 or better Vaccine - Stream/Download Now: https://NoCap.lnk.to/vaccine Steel Human - Stream/Download Now: https://NoCap.lnk.to/steelhuman Subscribe for more official...
Yungeen Ace - Caterpillars To Butterflies (Official Music Video),https://www.youtube.com/watch?v=Ro4DGX9Aw3w,,Yungeen Ace,217K views,18 hours ago,"Watch the official music video for Yungeen Ace's ""Caterpillars to Butterflies"". Stream/download ""Walk Away"" https://yungeenace.ffm.to/walkaway Stream/download ""Life of Betrayal 2x"" https://yungee..."
Negotiating a pawn shop,https://www.youtube.com/watch?v=EtP7FuAmBQw,,Brendenlmao,2.4M views,1 day ago,
Kodak Black - Closure [Official Music VIdeo],https://www.youtube.com/watch?v=MIvhuTmmVUQ,,Kodak Black,2.1M views,2 days ago,Kodak Black - Closure [Official Music VIdeo] Subscribe for more official content from Kodak Black: https://Atlantic.lnk.to/KBsubscribe Follow Kodak Black https://twitter.com/KodakBlack1k...
Autumn! - One Way (Official Audio),https://www.youtube.com/watch?v=Jac-gOxALCU,,Autumn!,311K views,1 day ago,Autumn! - One Way: https://Autumn.lnk.to/OneWay Follow Autumn: Instagram: https://www.instagram.com/twinuzis/ Twitter: https://twitter.com/twinuzis Listen to Autumn: Spotify: https://Autumn.lnk....
